{"cameraMode":{"drawMode":0,"name":"Shaded","section":"Shading Mode"},"sceneLighting":true,"audioPlay":false,"sceneViewState":{"m_AlwaysRefresh":false,"showFog":true,"showSkybox":true,"showFlares":true,"showImageEffects":true,"showParticleSystems":true,"showVisualEffectGraphs":true,"m_FxEnabled":true},"in2DMode":false,"pivot":{"x":230.08026123046876,"y":175.71932983398438,"z":-142.1823272705078},"rotation":{"x":-0.0023836451582610609,"y":0.9785583019256592,"z":0.011445717886090279,"w":0.20581814646720887},"size":461.016357421875,"orthographic":false}